{"Topology":[18,9,9],"TheTopology":[18,9,9],"Sections":[{"Weights":[[-1.319769547935468,1.0991779300846058,0.8286229739098916,-0.5342322227238827,0.46936652551841274,-1.9745751004547696,-1.9115576427018073,1.759678050763755,-0.5283446230591948],[0.12951652991097262,0.2016723035842518,1.1879358958396762,-0.629840552168824,-0.5437667251302705,-0.5128485758383052,-0.15084460664114197,0.8470129570211342,1.3829900805759197],[-1.912268293980634,-0.05464460423898165,1.2461486622906053,0.3337742007960447,1.8722699786872927,-0.16079263117201292,-0.055351276907767755,-1.5523027086408356,1.4983515513587515],[-1.3350595977786275,0.11080355854276736,0.002922792920341255,1.2140784949129815,0.40176794231020274,-1.396484497653546,0.32457545694176826,1.1223502043273066,1.3272832703438042],[-0.3418663341281314,-1.6110029926574803,0.08985286675852411,1.402363301907835,-0.7723160566633176,-1.2083495330104368,1.465746177111634,-1.3885666129126057,1.0114462240652395],[0.7865909090203189,-0.0018152194106091368,-1.708831934122756,-1.7429764195079804,-1.7838276213891002,-0.10093518258115974,-0.9240218768473816,1.838148271589609,-0.6016388268217625],[1.6329344621081532,-0.588146143866771,0.6999934607651053,1.3950948637887346,1.3514574371983565,-1.424501312628622,1.470749204731895,1.502803910292128,-0.6175327406346485],[0.13399857754539646,-0.2252169299056832,1.5836225187329682,1.5285986547957169,0.5838168498984615,-1.2920903578829441,1.36770003073276,-0.40877795890382407,0.6689207305521334],[-0.9788563880039642,1.3785952792403267,1.140705359699533,0.6596228809373561,0.4546685081229862,0.6731918131342121,0.9906358341642822,1.181333379438768,-1.1736758105334246],[-1.5826583148830842,0.5235210482606298,-1.5625657269556847,1.3204545561785133,-1.1706137038630497,1.7965162786638906,1.0992369479961863,-0.698461340134247,0.8792350734021679],[-1.469396617016474,-0.586548396659339,-1.2737605698750172,0.13902177016205242,0.8237271396553738,-1.0359862684439802,0.8699715914530546,0.32365713190457646,0.08106973305394405],[-1.50604895665592,-1.1568189706452279,-0.09242096268218991,1.6827720122797283,1.3130314663578901,0.7203970247508944,0.49607039545479736,1.1317036781142016,-1.4277305227833477],[-0.9551095026336189,0.7333920871528758,-1.7295246309272594,1.0471441461924202,1.8137205577519353,-0.30877915132268297,-0.6323128820547428,0.17161306839977053,-0.4437176149542059],[-1.6097155453682483,0.5337295748916127,-1.2396649360841443,-0.15983844090245602,-1.207062322277139,-0.3788909234008244,-0.2881741161868787,0.4076657455450232,-1.5034174395275384],[1.275873038580582,0.3644807033075397,0.31523132618294625,-1.8636440168431234,0.2506490937669992,-1.3012493305379755,-0.7586378244490539,1.7840808964260297,-1.0700071878125925],[1.5792983787037889,0.6044337910620654,-1.9690121188615506,-1.2309675846393069,-1.1658368106772363,1.839145179763038,-1.6470024975235584,-1.32687674245186,0.5269260362381702],[-1.1309971246547053,-1.6749020329094035,1.9093286282892006,-0.937117948633208,-0.4507649868963124,0.23402579046507643,0.021539569842414785,1.5503584963969694,-0.338607384980939],[-0.4771439984800032,-0.2875625483168114,1.975481566030291,1.4806544107760558,-1.6753210666008858,0.06514388605260457,-1.0259261890435247,0.35071304177432916,-1.3425178711034906],[0.9846802982430347,-1.7774322870082373,-0.4084905359933575,1.1423418834536996,1.7009638844528068,1.9829697664747807,-1.7094403168696166,0.20813806457824002,-1.4991871935777308]]},{"Weights":[[0.8282947497574122,0.744359257977623,-0.84805058448019,0.11447635391469868,-0.1465201555502229,0.34670816098652235,-0.12994856300295732,-1.3270341992969783,-1.9490603860230467],[-0.5284971867355039,-0.17769279432375584,0.13606631669032687,-1.1088834121399016,-0.42015881576582736,-0.2227357245156243,1.954547116511756,1.6080793196373055,-0.5288248185668256],[1.165171993507618,-0.6124230523651573,0.8129843523786331,-0.3723078604658636,0.9198094191587574,-1.1997930161653985,-1.4102788397158863,1.8324751964921484,1.170112600163609],[-0.1169146532737253,-1.2460727296984162,1.622722957107575,-1.2447746876835706,-0.4562517173850218,-0.8190239476128593,0.7395060354562037,-1.3613587186491856,-0.7987126255401935],[1.4154486429949515,0.5354562245940122,1.5437241902312842,-0.874631486309055,-0.5861649078252562,1.5937221048370573,-0.8620914979195649,-0.6226900679164986,-0.20148446140879983],[-0.21051826430974452,1.181536167478904,-1.397871654200308,-0.18076935512049563,0.9037527977040747,1.3559806586038232,-0.45615512247018297,-0.34828354527628225,-1.0739923506388405],[1.718878814819678,-0.21994291163046986,-1.0386599092924316,1.8748106397105428,0.41079883389677807,0.6794255574603683,0.8371916575530505,0.16549416546034346,0.05013225695590107],[0.8799437092989422,0.388543895626694,1.8033608998187636,-0.7449615312483915,-0.133573944742593,1.649613361642516,-0.2665154087666959,1.4835877471992691,0.2709625541562972],[1.6137831078906464,-0.6548291457140953,-1.1335201929945127,0.08211920321086374,0.6393836599958052,0.8496216772355241,0.9603420435266301,-1.7413115462946294,-0.3836454331798691],[-0.22130565076195907,-1.7173589075530689,0.26773055375913657,0.7885805195144289,0.9665110981867233,1.122846325450971,1.994976077226445,-1.7256471867326866,-1.5838075986056623]]}],"TheRandomizer":{}}